<?xml version="1.0" encoding="UTF-8"?>
<beans xmlns="http://www.springframework.org/schema/beans"
	xmlns:xsi="http://www.w3.org/2001/XMLSchema-instance"
	xmlns:context="http://www.springframework.org/schema/context"
	xsi:schemaLocation="
        http://www.springframework.org/schema/beans http://www.springframework.org/schema/beans/spring-beans.xsd
        http://www.springframework.org/schema/context http://www.springframework.org/schema/context/spring-context.xsd">

	<context:component-scan
		base-package="com.cts.model"></context:component-scan>

	<context:component-scan
		base-package="com.cts.dao"></context:component-scan>


	<bean id="studDs"
		class="org.springframework.jdbc.datasource.DriverManagerDataSource">

		<property name="driverClassName"
			value="com.mysql.cj.jdbc.Driver"></property>
		<property name="url" value="jdbc:mysql://localhost:3306/db1?autoReconnect=true&amp;useSSL=false"></property>
		<property name="username" value="root"></property>
		<property name="password" value="mysql"></property>

	</bean>

	<bean id="dao" class="com.cts.dao.ProductDaoImpl">
		<property name="ds" ref="studDs"></property>
	</bean>


</beans>
